Peptide,Protein,HXB2 start,HXB2 end,HXB2 DNA Contig,Species,HLA,Immunogenicity
GELDRWEKI,Gag,11.0,19.0,820..846,human,B*40:02,Positive
DRWEKIRLRPG,Gag,14.0,24.0,829..861,human,B40,Positive
KIRLRPGGK,Gag,18.0,26.0,841..867,human,A*03:01,Positive
IRLRPGGKK,Gag,19.0,27.0,844..870,human,B*27:05,Positive
RLRPGGKKK,Gag,20.0,28.0,847..873,human,A*03:01,Positive
RLRPGGKKKY,Gag,20.0,29.0,847..876,human,A*03:01,Positive
RPGGKKHYM,Gag,22.0,30.0,853..879,human,B*07:02,Positive
RPGGKKKYKL,Gag,22.0,31.0,853..882,human,B*51:01,Positive
GGKKKYKLK,Gag,24.0,32.0,859..885,human,B*08:01,Positive
KYKLKHIVW,Gag,28.0,36.0,871..897,human,A*24:02,Positive
HLVWASREL,Gag,33.0,41.0,886..912,human,C*08:04,Positive
LVWASRELERF,Gag,34.0,44.0,889..921,human,A*30,Positive
WASRELERF,Gag,36.0,44.0,895..921,human,B*35:01,Positive
LETSEGCRQI,Gag,51.0,60.0,940..969,human,B40,Positive
ELRSLYNTV,Gag,74.0,82.0,1009..1035,human,B*08:01,Positive
RSLYNTVATLY,Gag,76.0,86.0,1015..1047,human,"A*30:02, B*58, B*63",Positive
SLYNTVATL,Gag,77.0,85.0,1018..1044,human,"A*02:01, A*02:02, A*02:05",Positive
SLYNTVATLY,Gag,77.0,86.0,1018..1047,human,A*02:01,Positive
LYNTVATL,Gag,78.0,85.0,1021..1044,human,C*14,Positive
LYNTVATLY,Gag,78.0,86.0,1021..1047,human,"A*29:02, B*44:03",Positive
TLYCVHQK,Gag,84.0,91.0,1039..1062,human,A*11:01,Positive
IEIKDTKEAL,Gag,92.0,101.0,1063..1092,human,B*40:01,Positive
NSSKVSQNY,Gag,124.0,132.0,1159..1185,human,B*35:01,Positive
VQNLQGQMV,Gag,135.0,143.0,1192..1218,human,B13,Positive
GQMVHQAI,Gag,140.0,147.0,1207..1230,human,B*13:02,Positive
HQAISPRTL,Gag,144.0,152.0,1219..1245,human,B*15:10,Positive
QAISPRTLNAW,Gag,145.0,155.0,1222..1254,human,A*25:01,Positive
ISPRTLNAW,Gag,147.0,155.0,1228..1254,human,"B*57:01, B*63",Positive
SPRTLNAWV,Gag,148.0,156.0,1231..1257,human,B*07:02,Positive
VKVIEEKAF,Gag,156.0,164.0,1255..1281,human,B*15:03,Positive
EEKAFSPEV,Gag,160.0,168.0,1267..1293,human,B*44:15,Positive
KAFSPEVI,Gag,162.0,169.0,1273..1296,human,B*57:03,Positive
KAFSPEVIPMF,Gag,162.0,172.0,1273..1305,human,"B*57:01, B*57:03, B*63",Positive
FSPEVIPMF,Gag,164.0,172.0,1279..1305,human,B57,Positive
EVIPMFSAL,Gag,167.0,175.0,1288..1314,human,"A*26:01, A*26:02, A*26:03",Positive
VIPMFSAL,Gag,168.0,175.0,1291..1314,human,C*01:02,Positive
SEGATPQDL,Gag,176.0,184.0,1315..1341,human,B*40:01,Positive
TPQDLNTML,Gag,180.0,188.0,1327..1353,human,"B*07:02, B*39:10, B*42:01, B*81:01, C*08:02",Positive
TPQDLNMML,Gag,180.0,188.0,1327..1353,human,B*53,Positive
GHQAAMQML,Gag,193.0,201.0,1366..1392,human,"B*15:10, B*39:01",Positive
KETINEEAA,Gag,202.0,210.0,1393..1419,human,B*40:02,Positive
ETINEEAAEW,Gag,203.0,212.0,1396..1425,human,A*25:01,Positive
AEWDRVHPV,Gag,210.0,218.0,1417..1443,human,B*40:02,Positive
HPVHAGPIA,Gag,216.0,224.0,1435..1461,human,"B*35:01, B7",Positive
GQMREPRGSDI,Gag,226.0,236.0,1465..1497,human,B13,Positive
TSTLQEQIGW,Gag,240.0,249.0,1507..1536,human,"B*57:01, B*58:01",Positive
NPPIPVGDIY,Gag,253.0,262.0,1546..1575,human,B*35:01,Positive
PPIPVGDIY,Gag,254.0,262.0,1549..1575,human,B*35:01,Positive
EIYKRWII,Gag,260.0,267.0,1567..1590,human,B*08:01,Positive
RRWIQLGLQK,Gag,263.0,272.0,1576..1605,human,B*27:03,Positive
KRWIILGLNK,Gag,263.0,272.0,1576..1605,human,B*27:05,Positive
GLNKIVRMY,Gag,269.0,277.0,1594..1620,human,"B*15:01, B*62",Positive
VRMYSPVSI,Gag,274.0,282.0,1609..1635,human,C*18,Positive
RMYSPTSI,Gag,275.0,282.0,1612..1635,human,B*52:01,Positive
YSPVSILDI,Gag,277.0,285.0,1618..1644,human,C*01:02,Positive
FRDYVDRFF,Gag,293.0,301.0,1666..1692,human,C*18,Positive
FRDYVDRFYK,Gag,293.0,302.0,1666..1695,human,B*18:01,Positive
RDYVDRFFKTL,Gag,294.0,304.0,1669..1701,human,A*24:02,Positive
RDYVDRFYKTL,Gag,294.0,304.0,1669..1701,human,B*44:02,Positive
YVDRFYKTL,Gag,296.0,304.0,1675..1701,human,A*02:07,Positive
YVDRFFKTL,Gag,296.0,304.0,1675..1701,human,"B*15:03, C*03:03, C*03:04",Positive
DRFYKTLRA,Gag,298.0,306.0,1681..1707,human,B*14:02,Positive
AEQASQDVKNW,Gag,306.0,316.0,1705..1737,human,B*44:02,Positive
AEQASQEVKNWM,Gag,306.0,317.0,1705..1740,human,Cw5,Positive
QASQEVKNW,Gag,308.0,316.0,1711..1737,human,"B*53:01, B*57:01, B*58:01",Positive
VKNWMTETL,Gag,313.0,321.0,1726..1752,human,B*48:01,Positive
DCKTILKAL,Gag,329.0,337.0,1774..1800,human,B*08:01,Positive
ACQGVGGPGHK,Gag,349.0,359.0,1834..1866,human,A*11:01,Positive
GPGHKARVL,Gag,355.0,363.0,1852..1878,human,B*07:02,Positive
AEAMSQVTNS,Gag,364.0,373.0,1879..1908,human,B*45:01,Positive
CRAPRKKGC,Gag,405.0,413.0,2002..2028,human,B14,Positive
APRKKGCWK,Gag,407.0,415.0,2008..2034,human,B*07:02,Positive
TERQANFL,Gag,427.0,434.0,2068..2091,human,B*40:02,Positive
RQANFLGKI,Gag,429.0,437.0,2074..2100,human,"B*48:01, B13",Positive
FLGKIWPSYK,Gag,433.0,442.0,2086..2115,human,A*02:01,Positive
KELYPLTSL,Gag,481.0,489.0,2230..2256,human,B*40:01,Positive
NSPTRREL,Pol,24.0,31.0,2154..2177,human,C*01:02,Positive
ITLWQRPLV,Pol,59.0,67.0,2259..2285,human,"A*68:02, A*74:01",Positive
DTVLEEWNL,Pol,86.0,94.0,2340..2366,human,A*68:02,Positive
EEMNLPGRW,Pol,90.0,98.0,2352..2378,human,B44,Positive
RQYDQILIEI,Pol,113.0,122.0,2421..2450,human,B13,Positive
GKKAIGTVL,Pol,124.0,132.0,2454..2480,human,B*15:03,Positive
KAIGTVLV,Pol,126.0,133.0,2460..2483,human,B57,Positive
LVGPTPVNI,Pol,132.0,140.0,2478..2504,human,A*02:01,Positive
TPVNIIGRNML,Pol,136.0,146.0,2490..2522,human,B81,Positive
FPISPIETV,Pol,155.0,163.0,2547..2573,human,B*54:01,Positive
IETVPVKL,Pol,160.0,167.0,2562..2585,human,B*40:01,Positive
GPKVKQWPL,Pol,173.0,181.0,2601..2627,human,B*08:01,Positive
ALVEICTEM,Pol,188.0,196.0,2646..2672,human,A*02:01,Positive
ALVEICTEMEK,Pol,188.0,198.0,2646..2678,human,A*03:01,Positive
KLVDFRELNK,Pol,228.0,237.0,2766..2795,human,A*03:01,Positive
GIPHPAGLK,Pol,248.0,256.0,2826..2852,human,A*03:01,Positive
TVLDVGDAY,Pol,262.0,270.0,2868..2894,human,B*35:01,Positive
SVPLDEGFRK,Pol,272.0,281.0,2898..2927,human,A*11:01,Positive
VPLDEDFRKY,Pol,273.0,282.0,2901..2930,human,B*35:01,Positive
YTAFTIPSV,Pol,282.0,290.0,2928..2954,human,A2,Positive
YTAFTIPSI,Pol,282.0,290.0,2928..2954,human,A*02:06,Positive
TAFTIPSI,Pol,283.0,290.0,2931..2954,human,B*51:01,Positive
NETPGIRYQY,Pol,292.0,301.0,2958..2987,human,B18,Positive
IRYQYNVL,Pol,297.0,304.0,2973..2996,human,B*14:01,Positive
IRYQYNVLP,Pol,297.0,305.0,2973..2999,human,B*73,Positive
LPQGWKGSPA,Pol,304.0,313.0,2994..3023,human,B*54:01,Positive
SPAIFQSSM,Pol,311.0,319.0,3015..3041,human,B7,Positive
SPAIFQSSMTK,Pol,311.0,321.0,3015..3047,human,"A*11:01, B*07:02",Positive
AIFQSSMTK,Pol,313.0,321.0,3021..3047,human,"A*03:01, A*11:01",Positive
KQNPDIVIY,Pol,328.0,336.0,3066..3092,human,"A*30:02, C*12:02",Positive
NPEIVIYQY,Pol,330.0,338.0,3072..3098,human,B18,Positive
HPDIVIYQY,Pol,330.0,338.0,3072..3098,human,B*35:01,Positive
EIVIYQYMD,Pol,332.0,340.0,3078..3104,human,B*18:01,Positive
VIYQYMDDL,Pol,334.0,342.0,3084..3110,human,A*02:01,Positive
VIYQYMDDLYV,Pol,334.0,344.0,3084..3116,human,A*02:01,Positive
IEELRQHLL,Pol,357.0,365.0,3153..3179,human,B*40:01,Positive
IVLPEKDSW,Pol,399.0,407.0,3279..3305,human,B*57:01,Positive
LVGKLNWASQIY,Pol,415.0,426.0,3327..3362,human,B*15:01,Positive
KLNWASQIY,Pol,418.0,426.0,3336..3362,human,A*30:02,Positive
QIYPGIKVR,Pol,424.0,432.0,3354..3380,human,A*03:01,Positive
YPGIKVRQL,Pol,426.0,434.0,3360..3386,human,B*42:01,Positive
IPLTEEAEL,Pol,448.0,456.0,3426..3452,human,"B*35:01, B*51:01",Positive
ILKEPVHGV,Pol,464.0,472.0,3474..3500,human,A*02:01,Positive
ILKEPVHGVY,Pol,464.0,473.0,3474..3503,human,"B*15:01, C*12:02",Positive
GQGQWTYQI,Pol,488.0,496.0,3546..3572,human,B13,Positive
IYQEPFKNLK,Pol,496.0,505.0,3570..3599,human,A*11:01,Positive
RMRGAHTNDV,Pol,511.0,520.0,3615..3644,human,A*30:02,Positive
RMRGAHTNDVK,Pol,511.0,521.0,3615..3647,human,A*03:01,Positive
IAMESIVIW,Pol,530.0,538.0,3672..3698,human,B*58:01,Positive
PIQKETWETW,Pol,547.0,556.0,3723..3752,human,A*32:01,Positive
GAETFYVDGA,Pol,591.0,600.0,3855..3884,human,A*68:02,Positive
ETFYVDGA,Pol,593.0,600.0,3861..3884,human,A*68:02,Positive
ETFYVDGAANR,Pol,593.0,603.0,3861..3893,human,A66,Positive
ETKLGKAGY,Pol,604.0,612.0,3894..3920,human,A*26:01,Positive
IVTDSQYAL,Pol,650.0,658.0,4032..4058,human,C*08:02,Positive
VTDSQYAL,Pol,651.0,658.0,4035..4058,human,C*08,Positive
VTDSQYALGI,Pol,651.0,660.0,4035..4064,human,B*15:03,Positive
QIIEQLIKK,Pol,675.0,683.0,4107..4133,human,A*11:01,Positive
KLVSQGIRKV,Pol,705.0,714.0,4197..4226,human,A*02:01,Positive
LFLDGIDKA,Pol,715.0,723.0,4227..4253,human,B81,Positive
LPPIVAKEI,Pol,743.0,751.0,4311..4337,human,B*42:01,Positive
THLEGKIIL,Pol,781.0,789.0,4425..4451,human,B*15:10,Positive
HVASGYIEA,Pol,793.0,801.0,4461..4487,human,B*54:01,Positive
IEAEVIPAET,Pol,799.0,808.0,4479..4508,human,B*40:02,Positive
HTDNGSNF,Pol,829.0,836.0,4569..4592,human,C*05,Positive
HTDNGSNFT,Pol,829.0,837.0,4569..4595,human,C*05,Positive
STTVKAACWW,Pol,838.0,847.0,4596..4625,human,B57,Positive
IQQEFGIPY,Pol,850.0,858.0,4632..4658,human,B*15:03,Positive
VRDQAEHL,Pol,880.0,887.0,4722..4745,human,C*18,Positive
KTAVQMAVF,Pol,888.0,896.0,4746..4772,human,B*57:01,Positive
AVFIHNFKRK,Pol,894.0,903.0,4764..4793,human,"A*03:01, A*11:01",Positive
FKRKGGIGGY,Pol,900.0,909.0,4782..4811,human,B*15:03,Positive
KRKGGIGGY,Pol,901.0,909.0,4785..4811,human,B*27:05,Positive
GERIVDII,Pol,912.0,919.0,4818..4841,human,B*40:02,Positive
IIATDIQTK,Pol,918.0,926.0,4836..4862,human,A*11,Positive
LQKQITKI,Pol,928.0,935.0,4866..4889,human,B*52:01,Positive
KIQNFRVYY,Pol,934.0,942.0,4884..4910,human,A*30:02,Positive
YRDSRDPLW,Pol,942.0,950.0,4908..4934,human,B*38,Positive
VVPRRKAKII,Pol,974.0,983.0,5004..5033,human,B*08:01,Positive
VPRRKAKII,Pol,975.0,983.0,5007..5033,human,B42,Positive
RKAKIIRDY,Pol,978.0,986.0,5016..5042,human,B*15:03,Positive
RKAKIIRDYGK,Pol,978.0,988.0,5016..5048,human,B*08:01,Positive
KIIRDYGK,Pol,981.0,988.0,5025..5048,human,B*08:01,Positive
IIKDYGKQM,Pol,982.0,990.0,5028..5054,human,B*42:01,Positive
RIRTWKSLVK,Vif,17.0,26.0,5089..5118,human,A*03:01,Positive
IRTWKSLVK,Vif,18.0,26.0,5092..5118,human,A*30:01,Positive
IRTWKSLVKH,Vif,18.0,27.0,5092..5121,human,B*27:05,Positive
HMYISKKAK,Vif,28.0,36.0,5122..5148,human,A*03:01,Positive
ISKKAKGWF,Vif,31.0,39.0,5131..5157,human,B*57:01,Positive
HPRVSSEVHI,Vif,48.0,57.0,5182..5211,human,B*07:02,Positive
IPLGDAKLII,Vif,57.0,66.0,5209..5238,human,B51,Positive
WHLGHGVSI,Vif,79.0,87.0,5275..5301,human,B*15:10,Positive
WHLGQGVSI,Vif,79.0,87.0,5275..5301,human,B*38:01,Positive
LGHGVSIEW,Vif,81.0,89.0,5281..5307,human,B*57:03,Positive
IEWRLRRY,Vif,87.0,94.0,5299..5322,human,B*18:01,Positive
LADQLIHLHY,Vif,102.0,111.0,5344..5373,human,B*18:01,Positive
KTKPPLPSVKK,Vif,158.0,168.0,5512..5544,human,A*03:01,Positive
EAVRHFPRI,Vpr,29.0,37.0,5643..5669,human,B51,Positive
AVRHFPRIW,Vpr,30.0,38.0,5646..5672,human,B*57:01,Positive
VRHFPRIWL,Vpr,31.0,39.0,5649..5675,human,B27,Positive
FPRIWLHGL,Vpr,34.0,42.0,5658..5684,human,"B*07:02, B*81:01",Positive
ETYGDTWTGV,Vpr,48.0,57.0,5700..5729,human,A*68:02,Positive
DTWAGVEAIIR,Vpr,52.0,62.0,5712..5744,human,A*68:01,Positive
AIIRILQQL,Vpr,59.0,67.0,5733..5759,human,A*02:01,Positive
CCFHCQVC,Tat,30.0,37.0,5918..5941,human,C*12,Positive
FQTKGLGISY,Tat,38.0,47.0,5942..5971,human,B*15:03,Positive
ITKGLGISYGR,Tat,39.0,49.0,5945..5977,human,A*68:01,Positive
EELLKTVRL,Rev,10.0,18.0,5997..6023,human,"B*44:02, B*44:03",Positive
KAVRLIKFLY,Rev,14.0,23.0,6009..6038,human,"B*57:01, B*58:01, B*63",Positive
QAVRIIKILY,Rev,14.0,23.0,6009..6038,human,B*57:03,Positive
ERILSTYLGR,Rev,57.0,66.0,8471..8500,human,A*03:01,Positive
RPAEPVPLQL,Rev,66.0,75.0,8498..8527,human,B7,Positive
SAEPVPLQL,Rev,67.0,75.0,8501..8527,human,C*05:01,Positive
YRLGVGALI,Vpu,5.0,13.0,6074..6100,human,C*18,Positive
EYRKILRQR,Vpu,29.0,37.0,6146..6172,human,A*33:03,Positive
RVKEKYQHL,Env,2.0,10.0,6228..6254,human,B*08:01,Positive
AENLWVTVY,Env,31.0,39.0,6315..6341,human,"B*18:01, B44",Positive
AENLWVTVYY,Env,31.0,40.0,6315..6344,human,B*44:02,Positive
TVYYGVPVWK,Env,37.0,46.0,6333..6362,human,A*03:01,Positive
VPVWKEATTT,Env,42.0,51.0,6348..6377,human,B*55:01,Positive
VPVWKEATTTL,Env,42.0,52.0,6348..6380,human,B*35:01,Positive
LFCASDAKAY,Env,52.0,61.0,6378..6407,human,A*24:02,Positive
KAYETEVHNVW,Env,59.0,69.0,6399..6431,human,B*58,Positive
YETEVHNVW,Env,61.0,69.0,6405..6431,human,B*18:01,Positive
DPNPQEVVL,Env,78.0,86.0,6456..6482,human,B*35:01,Positive
MHEDIISLW,Env,104.0,112.0,6534..6560,human,B*38:01,Positive
SVITQACPK,Env,199.0,207.0,6819..6845,human,A*11:01,Positive
SFEPIPIHY,Env,209.0,217.0,6849..6875,human,A*29:02,Positive
CAPAGFAIL,Env,218.0,226.0,6876..6902,human,C*01,Positive
RPNNNTRKSI,Env,298.0,307.0,7116..7145,human,B*07:02,Positive
HIGPGRAFY,Env,310.0,318.0,7152..7178,human,A*30:02,Positive
RGPGRAFVTI,Env,311.0,320.0,7155..7184,human,A*02:01,Positive
EIIGDIRQAY,Env,321.0,330.0,7185..7214,human,A*25:01,Positive
SFNCGGEFF,Env,375.0,383.0,7347..7373,human,"B*15:16, C*04:01",Positive
LPCRIKQII,Env,416.0,424.0,7470..7496,human,B*51:01,Positive
RIKQIINMW,Env,419.0,427.0,7479..7505,human,A*32:01,Positive
RAIEAQQHL,Env,557.0,565.0,7893..7919,human,"C*03:04, C*15",Positive
RAIEAQQHM,Env,557.0,565.0,7893..7919,human,C*08,Positive
QTRVLAIERYL,Env,577.0,587.0,7953..7985,human,B*58:02,Positive
ERYLKDQQL,Env,584.0,592.0,7974..8000,human,B*14:02,Positive
RYLKDQQLL,Env,585.0,593.0,7977..8003,human,"A*24:02, A23",Positive
YLKDQQLL,Env,586.0,593.0,7980..8003,human,B*08:01,Positive
TAVPWNASW,Env,606.0,614.0,8040..8066,human,B*35:01,Positive
VFAVLSIVNR,Env,698.0,707.0,8316..8345,human,A*33:03,Positive
IVNRNRQGY,Env,704.0,712.0,8334..8360,human,A*30:02,Positive
RLRDLLLIVTR,Env,770.0,780.0,8532..8564,human,"A*03:01, A*31:01",Positive
IVTRIVELL,Env,777.0,785.0,8553..8579,human,A*68:02,Positive
GRRGWEALKY,Env,786.0,795.0,8580..8609,human,B*27:05,Positive
RRGWEVLKY,Env,787.0,795.0,8583..8609,human,A*01:01,Positive
KYCWNLLQY,Env,794.0,802.0,8604..8630,human,A*30:02,Positive
QELKNSAVSL,Env,805.0,814.0,8637..8666,human,B*40:01,Positive
SLLNATDIAV,Env,813.0,822.0,8661..8690,human,A*02:01,Positive
LLNATDIAV,Env,814.0,822.0,8664..8690,human,A*02:01,Positive
EVAQRAYR,Env,831.0,838.0,8715..8738,human,A*33:03,Positive
IPRRIRQGL,Env,843.0,851.0,8751..8777,human,B*07:02,Positive
RIRQGLERA,Env,846.0,854.0,8760..8786,human,A*02:05,Positive
RQGLERALL,Env,848.0,856.0,8766..8792,human,B8,Positive
WPTVRERM,Nef,13.0,20.0,8833..8856,human,B*08:01,Positive
RMRRAEPAA,Nef,19.0,27.0,8851..8877,human,B62,Positive
LEKHGAITS,Nef,37.0,45.0,8905..8931,human,"B*40:01, B50",Positive
FPVTPQVPL,Nef,68.0,76.0,8998..9024,human,B*07:02,Positive
FPVTPQVPLR,Nef,68.0,77.0,8998..9027,human,B*07:02,Positive
TPQVPLRPM,Nef,71.0,79.0,9007..9033,human,B*07:02,Positive
RPQVPLRPM,Nef,71.0,79.0,9007..9033,human,"B*42:01, B*42:02",Positive
RPQVPLRPMTY,Nef,71.0,81.0,9007..9039,human,B35,Positive
QVPLRPMTYK,Nef,73.0,82.0,9013..9042,human,"A*03:01, A*11:01",Positive
VPLRPMTY,Nef,74.0,81.0,9016..9039,human,B*35:01,Positive
PLRPMTYK,Nef,75.0,82.0,9019..9042,human,A*11:01,Positive
LRPMTYKAA,Nef,76.0,84.0,9022..9048,human,B*27:03,Positive
RPMTYKAAL,Nef,77.0,85.0,9025..9051,human,B*07:02,Positive
KAAFDLSFF,Nef,82.0,90.0,9040..9066,human,"B*57:03, B*58:01",Positive
KAAVDLSHFL,Nef,82.0,91.0,9040..9069,human,Cw8,Positive
GAFDLSFFL,Nef,83.0,91.0,9043..9069,human,A*02:05,Positive
AAVDLSHFL,Nef,83.0,91.0,9043..9069,human,"B*58, B14, C*08:02",Positive
AAFDLSFFL,Nef,83.0,91.0,9043..9069,human,B*57:03,Positive
AALDLSHFL,Nef,83.0,91.0,9043..9069,human,Cw3,Positive
AVDLSHFLK,Nef,84.0,92.0,9046..9072,human,"A*03:01, A*11:01",Positive
FLKEKGGL,Nef,90.0,97.0,9064..9087,human,B*08:01,Positive
KEKGGLEGL,Nef,92.0,100.0,9070..9096,human,"B*40:01, B*40:02",Positive
KEKGGLEGLIY,Nef,92.0,102.0,9070..9102,human,B*44:03,Positive
RRQDILDLWI,Nef,105.0,114.0,9109..9138,human,B*27:05,Positive
RRQDILDLWVY,Nef,105.0,115.0,9109..9141,human,B18,Positive
KRQEILDLWVY,Nef,105.0,115.0,9109..9141,human,C*07,Positive
RQDILDLWI,Nef,106.0,114.0,9112..9138,human,B13,Positive
RQDILDLWV,Nef,106.0,114.0,9112..9138,human,B*13:02,Positive
QEILDLWVY,Nef,107.0,115.0,9115..9141,human,"B*44:02, B*44:03",Positive
HTQGYFPDW,Nef,116.0,124.0,9142..9168,human,"B*57:03, B*58:01, B57",Positive
TQGYFPDWQNY,Nef,117.0,127.0,9145..9177,human,B*15:01,Positive
GYFPDWQNY,Nef,119.0,127.0,9151..9177,human,"B*58, C*02",Positive
YFPDWQNYT,Nef,120.0,128.0,9154..9180,human,"A29, B*35:01, C*06, Cw6",Positive
FPDWQNYTP,Nef,121.0,129.0,9157..9183,human,B*54:01,Positive
NYTPGPGIRY,Nef,126.0,135.0,9172..9201,human,A*24:02,Positive
YTPGPGIRY,Nef,127.0,135.0,9175..9201,human,"B*63, B57",Positive
TPGPGVRYPL,Nef,128.0,137.0,9178..9207,human,"B*07:02, B*42:01, B*42:02",Positive
TRYPLTFGW,Nef,133.0,141.0,9193..9219,human,A33,Positive
RYPLTFGW,Nef,134.0,141.0,9196..9219,human,A*24:02,Positive
RYPLTFGWCY,Nef,134.0,143.0,9196..9225,human,"A*24:02, C*07",Positive
YPLTFGWCY,Nef,135.0,143.0,9199..9225,human,"B*18:01, B*53:01",Positive
YPLTFGWCF,Nef,135.0,143.0,9199..9225,human,B53,Positive
PLTFGWCYKL,Nef,136.0,145.0,9202..9231,human,A*02:01,Positive
LTFGWCFKL,Nef,137.0,145.0,9205..9231,human,"B*63, B57",Positive
VLEWRFDSRL,Nef,180.0,189.0,9334..9363,human,A*02:01,Positive
WRFDSRLAF,Nef,183.0,191.0,9343..9369,human,B*15:03,Positive
SRLAFHHMA,Nef,187.0,195.0,9355..9381,human,B8,Positive
